Word,Frequency
I,763
The,759
A,341
This,248
It,217
For,189
Fashion,187
July,185
In,156
Your,150
You,134
Best,133
Style,132
Summer,131
To,129
How,117
With,110
S,109
All,106
Influencer,103
June,99
Is,98
Get,98
On,96
Read,96
New,95
Website,95
We,94
If,92
What,90
Beauty,89
May,89
Instagram,88
More,86
December,86
My,85
Marketing,85
February,80
November,80
April,78
October,75
These,74
Men,73
That,72
August,71
Celebrity,71
Of,70
September,70
As,69
March,69
Are,68
By,64
January,64
And,63
Her,62
Here,60
Now,59
Black,57
Shop,56
Top,55
No,55
From,54
So,51
Easy,46
They,46
About,45
When,43
She,43
Wardrobe,42
There,42
Dress,41
Take,41
Set,41
Not,40
M,39
Up,39
Share,38
Pricing,38
Discover,37
Brands,37
Wear,36
Most,36
Key,36
Policy,36
Trend,36
Lois,36
Adama,36
Hair,35
Preview,35
Let,34
At,34
Business,34
Friday,33
Christmas,33
Care,33
Content,32
Post,32
Step,32
C,31
Guide,31
Privacy,31
Builder,31
Home,30
London,30
However,30
Free,30
Look,30
Twitter,29
Skin,29
Years,29
Campaign,29
Build,29
Day,29
An,29
Facebook,28
After,27
While,27
Week,27
Agencies,27
Awards,27
Sale,26
York,26
Collection,26
E,26
One,26
Online,26
Health,26
Good,25
Follow,25
Report,25
Category,25
Zagu,25
Start,25
Can,25
Spring,24
Every,24
Subscribe,24
Make,24
Ago,24
Platforms,24
Williams,24
Image,24
Be,23
Search,23
Should,23
Contact,23
Travel,23
But,23
Us,23
Over,23
Lip,23
Click,23
Ideas,23
Inspiration,23
Next,22
T,22
Wedding,22
Outfits,22
Tools,22
Women,22
Vogue,22
Own,22
Keep,22
Limited,22
Fall,21
Logo,21
Copyright,21
British,21
Affiliate,21
Analysis,21
Create,21
Trends,21
Wore,21
Min,21
Posted,21
Published,21
Sunglasses,20
Girl,20
Product,20
Victoria,20
Just,20
Sign,20
Our,20
Management,20
Navy,20
Gift,20
Amazon,19
Capsule,19
R,19
Outfit,19
Pinterest,19
Looks,19
Full,19
Terms,19
Need,19
Know,19
Plus,19
Body,19
Chic,19
Arto,19
Visitors,19
Featured,19
Shoes,18
Shorts,18
See,18
Routine,18
First,18
Claire,18
Social,18
Creators,18
United,18
Out,18
Visit,18
Select,18
Comment,18
Minasyan,18
Mobile,18
Advantages,18
Disadvantages,18
Young,18
Exclusive,17
Each,17
City,17
Essentials,17
Tips,17
Me,17
Media,17
Wearing,17
White,17
Want,17
High,17
St,17
Wix,17
Monthly,17
Desktop,17
Bomb,17
Rashidah,17
Nordstrom,16
Paris,16
Have,16
Skincare,16
Last,16
Latest,16
Only,16
Time,16
Use,16
Company,16
Season,16
Try,16
Blog,16
Serum,16
Like,16
Wimbledon,16
Organics,16
Optimizer,16
Bag,15
X,15
Porter,15
Australian,15
Don,15
Long,15
Why,15
Other,15
Digital,15
States,15
Check,15
Its,15
View,15
Starts,15
Choose,15
Vitamin,15
Street,15
Must,15
Name,15
Culture,15
Having,15
Do,15
Steps,15
Examples,15
Ecommerce,15
Effortless,15
Discovery,14
Love,14
Some,14
Shopping,14
Advocate,14
Budget,14
Sales,14
L,14
Also,14
Products,14
Gold,14
Go,14
Making,14
Little,14
Oil,14
Mario,14
Generate,14
Websites,14
Personal,14
Danielle,14
American,13
Email,13
Holland,13
Big,13
Perfect,13
Learn,13
Australia,13
Makeup,13
Many,13
Another,13
Future,13
Ubiquitous,13
Luxury,13
Features,13
Shopify,13
Review,13
Who,13
Please,13
Inside,13
O,13
Blush,13
Will,13
Save,13
Essence,13
Wellness,13
Real,13
Talk,13
Mini,13
Thank,13
Ray,13
Optimization,13
Skirt,12
Pants,12
Back,12
Available,12
Popular,12
Despite,12
Year,12
Party,12
Author,12
Updated,12
Audience,12
Software,12
Short,12
Their,12
Buy,12
Right,12
Lifestyle,12
Put,12
Vintage,12
Casual,12
Hot,12
Glow,12
Taylor,12
Simple,12
French,12
Gent,12
Islands,12
Where,11
Pre,11
Picks,11
Designed,11
Los,11
Angeles,11
Different,11
Today,11
Looking,11
San,11
Find,11
Once,11
Camila,11
Articles,11
Month,11
Brand,11
Google,11
Secret,11
Give,11
Life,11
List,11
Dresses,11
Suit,11
Or,11
Self,11
Mental,11
Cool,11
Red,11
Face,11
Design,11
Made,11
Styles,11
Below,11
Define,11
Magazine,11
Smush,11
Hill,10
Earrings,10
Shades,10
Anniversary,10
Rights,10
J,10
Club,10
Powered,10
Winter,10
Holiday,10
Traditional,10
Chriselle,10
User,10
Posts,10
Think,10
Ask,10
Offerings,10
Reporting,10
Blogs,10
Later,10
Consider,10
Crew,10
La,10
Food,10
Ways,10
Unique,10
Premium,10
Classic,10
Inc,10
Disneyrollergirl,10
Stylish,10
Clothes,10
Watches,10
Code,10
Natural,10
Well,10
Great,10
World,10
Light,10
Built,10
K,10
Curry,10
Add,10
Under,10
Pro,10
Approfondisci,10
Charlotte,10
Positive,10
Nutra,10
Cyber,10
Sezane,10
Hairstyles,10
Blazer,9
Welcome,9
Leave,9
Reserved,9
Skip,9
Fit,9
Button,9
B,9
Enter,9
Comments,9
Net,9
Per,9
Market,9
Cookie,9
Agency,9
Performance,9
Video,9
Channels,9
Profile,9
Advanced,9
Relationship,9
Meltwater,9
Shoe,9
Pick,9
Liquid,9
Music,9
Retail,9
Edit,9
Weather,9
Building,9
Celebrities,9
Inspired,9
Off,9
Gifts,9
Service,9
Professional,9
Stay,9
Super,9
Collagen,9
Soft,9
Christian,9
Bared,9
Cloudflare,9
Tom,9
Fred,9
Perry,9
Whether,9
Sell,9
Services,9
Builders,9
Webflow,9
Customizable,9
Fest,9
Beard,8
Mango,8
Atlantic,8
Pacific,8
Living,8
Monday,8
Curves,8
Discounts,8
Golden,8
Part,8
Everyone,8
Cooper,8
Book,8
Payment,8
Coelho,8
Hello,8
English,8
Related,8
Creator,8
Conditions,8
Disclaimer,8
Data,8
Grin,8
Again,8
Collaboration,8
Variable,8
Team,8
Klear,8
Has,8
Maybe,8
Through,8
Weekend,8
Mie,8
Zaguline,8
Come,8
He,8
Any,8
Modern,8
Hadid,8
Celine,8
Actually,8
Jennifer,8
Collab,8
Vacation,8
Cream,8
Chanel,8
Age,8
Olympic,8
Confidence,8
Around,8
Low,8
Two,8
Case,8
Dressing,8
Lots,8
Elena,8
Sunday,8
Pillow,8
Matte,8
Beach,8
Lack,8
Table,8
Italian,8
Paxton,8
Domain,8
Continue,8
Dorik,8
Drawings,8
Loading,8
House,7
Coastal,7
Jeans,7
Even,7
Events,7
Q,7
Reformation,7
Mary,7
Since,7
Stylishly,7
Factor,7
Rise,7
Before,7
Which,7
Quote,7
Editor,7
Effective,7
Campaigns,7
Download,7
Litter,7
Robot,7
Creative,7
His,7
Finding,7
Questions,7
Walmart,7
Workout,7
Press,7
Blonde,7
Power,7
Calling,7
Girls,7
Finally,7
Daisy,7
Jones,7
Queen,7
Eye,7
Gel,7
Quality,7
Man,7
Bags,7
Moment,7
Feel,7
Found,7
Colors,7
Trust,7
Margot,7
Robbie,7
Schiavon,7
Nutri,7
Turmeric,7
Fusion,7
Japanese,7
Pinch,7
Liner,7
Photographed,7
Recchia,7
Guys,7
Boots,7
Wendy,7
Bomber,7
Sealskinz,7
Required,7
Reply,7
Main,7
Customers,7
Does,7
Images,7
Portfolio,7
Designer,7
Reading,7
Show,7
Generators,7
Several,7
Too,7
Stunning,7
Z,7
Rock,7
India,7
Smith,7
Dappered,7
Gets,6
Guides,6
Moda,6
Hamptons,6
Address,6
Highlighted,6
Bubble,6
Menswear,6
Western,6
Row,6
Got,6
Thinking,6
Yoga,6
Inthefrow,6
Explore,6
Destinations,6
Way,6
Almost,6
Twitch,6
Being,6
Help,6
Based,6
Run,6
Mid,6
Hub,6
Leading,6
Technology,6
Success,6
Brandwatch,6
Upfluence,6
Gifting,6
TRUE,6
Includes,6
Hey,6
Princess,6
Aesthetic,6
Rihanna,6
Coolest,6
P,6
Milano,6
News,6
Brown,6
Books,6
Elegant,6
Nice,6
Footwear,6
Braids,6
Maintenance,6
Elle,6
Finds,6
Concert,6
Prada,6
Era,6
Talking,6
Still,6
Items,6
Honestly,6
Edgar,6
Serena,6
Ditching,6
Stripes,6
West,6
Watch,6
Really,6
Jane,6
South,6
Styling,6
Alyson,6
Walsh,6
Dressed,6
Podcast,6
Clothing,6
Were,6
Touchdown,6
Curl,6
Conversation,6
Print,6
Sophisticated,6
Protective,6
Hugo,6
Hollywood,6
Getting,6
Rodriguez,6
Quiet,6
Model,6
Waves,6
Morning,6
Palmer,6
Everyday,6
Neutral,6
Statement,6
Everything,6
Brightening,6
Three,6
Wella,6
Professionals,6
Gisou,6
Always,6
Latte,6
Bone,6
Broth,6
Missoma,6
Leather,6
Palm,6
Trixie,6
Dinkum,6
Spend,6
Baby,6
Behind,6
Verifying,6
Recommended,6
Suite,6
Newark,6
Resources,6
Abuse,6
Agreement,6
Partner,6
Test,6
Graphic,6
Yes,6
Moross,6
Beyond,6
Squarespace,6
Custom,6
Compress,6
Work,6
Advertisement,6
Kim,6
Kardashian,6
Nike,6
John,6
Hairstyle,6
Premiere,6
Island,6
Akamine,6
Peal,6
Readmore,6
Booth,6
Scene,6
Veronica,5
Saint,5
Laurent,5
Although,5
Price,5
Diary,5
Much,5
Match,5
Union,5
Arrow,5
England,5
Stuff,5
Meta,5
Midi,5
Pantone,5
Colour,5
Edge,5
Coat,5
Guest,5
Denim,5
Styled,5
Previous,5
Then,5
Country,5
Learning,5
Nowadays,5
Naturally,5
Candles,5
Generated,5
Working,5
Boost,5
California,5
Planning,5
Platform,5
Engagement,5
Identifying,5
Focus,5
According,5
Strategy,5
Giving,5
Using,5
Conclusion,5
Leverage,5
Enhance,5
Accessibility,5
Very,5
Automated,5
Analytics,5
Forms,5
Compliance,5
Thanks,5
Sephora,5
Fake,5
Traackr,5
Influencity,5
Maximum,5
Flawless,5
Ralph,5
Lauren,5
Legal,5
Abiti,5
Gli,5
Kit,5
Viaggi,5
Alto,5
Adige,5
Roma,5
Ultimate,5
Flannel,5
Essential,5
Pitti,5
Uomo,5
Star,5
Le,5
Master,5
Section,5
Enough,5
Jenny,5
Keeping,5
Dark,5
Emma,5
People,5
Did,5
Prime,5
Shadow,5
Centre,5
Navaz,5
Batliwalla,5
Levi,5
Beckham,5
Julia,5
Shirt,5
Smart,5
Zoe,5
Bathing,5
Sounds,5
Embracing,5
Older,5
Slip,5
Roberts,5
Days,5
Charm,5
Sound,5
Dry,5
Anna,5
Yet,5
Zendaya,5
Dior,5
Selling,5
Nails,5
H,5
Simply,5
Load,5
Winners,5
Redazione,5
Film,5
Featuring,5
Riley,5
Infused,5
Mask,5
Weleda,5
Rose,5
Pink,5
Repair,5
Honey,5
Rare,5
Spray,5
Chef,5
Adornmonde,5
Night,5
Done,5
Olli,5
Ella,5
Dolls,5
Tiny,5
Trove,5
Claude,5
Though,5
Lumina,5
Studio,5
Foundation,5
Was,5
Michael,5
Innovative,5
Soltan,5
Araks,5
Nalbandyan,5
Identify,5
Utilize,5
Plugins,5
Tech,5
Designs,5
Francisco,5
Aries,5
Steve,5
Affordable,5
Process,5
Unstack,5
Zyro,5
Carrd,5
Weglot,5
Lossy,5
Japan,5
Couture,5
Steal,5
Better,5
Chioma,5
Mens,5
Fur,5
Glamazon,5
Diaries,5
Additions,5
Tnuck,4
Anthro,4
Boden,4
Operandi,4
Tommy,4
Wide,4
Pant,4
Revolve,4
Taking,4
Grooming,4
Dressiquette,4
Adidas,4
Between,4
G,4
Kids,4
Categories,4
Uncategorized,4
Fitness,4
Log,4
Tiktok,4
Cart,4
Polo,4
F,4
Margaux,4
Holidays,4
Ember,4
Introducing,4
Autumn,4
Apple,4
Join,4
Antonio,4
V,4
Receive,4
Zoom,4
Lead,4
Followers,4
Influencers,4
Note,4
Login,4
Experts,4
Talent,4
Djanan,4
Strategic,4
Influence,4
Challenges,4
Integration,4
Benchmark,4
Skills,4
Diversity,4
Opportunities,4
Head,4
Geri,4
Processing,4
Disney,4
Communication,4
Follower,4
Fraud,4
Detection,4
Additionally,4
Office,4
Customer,4
Matching,4
Color,4
Minimalist,4
Staples,4
Highlights,4
De,4
Gucci,4
Less,4
Runway,4
Fenty,4
General,4
Milan,4
Resort,4
Spoke,4
King,4
Down,4
Cotton,4
Never,4
Blue,4
Stripe,4
Double,4
Original,4
Questo,4
Empower,4
Initiatives,4
Fanning,4
Bella,4
Skipping,4
Swoon,4
Worthy,4
Hip,4
Hop,4
Ctrl,4
Turned,4
Friends,4
Onto,4
Shrug,4
Pumps,4
Skirts,4
Walton,4
Viral,4
Arrivals,4
Won,4
Fashionable,4
Romantic,4
Proud,4
Myself,4
Wow,4
Carpet,4
Lawrence,4
Ashley,4
Fans,4
Newest,4
Bought,4
Garconne,4
Gentlewoman,4
Values,4
Rituals,4
Reddit,4
Tailor,4
Sarah,4
U,4
Millennial,4
Instead,4
Sunscreen,4
D,4
Art,4
Bloggers,4
Designers,4
Photography,4
Mix,4
Meet,4
Ever,4
Iconic,4
Minimal,4
Sneakers,4
Sneaker,4
Menu,4
Runner,4
Masai,4
Russell,4
Gingham,4
Ruggable,4
Goop,4
Braided,4
Baldie,4
Sophie,4
Turner,4
Eyes,4
Spritz,4
Traveled,4
Heat,4
Extreme,4
Brooke,4
Shields,4
Rides,4
Wave,4
Letting,4
Takes,4
Place,4
Thing,4
Houndstooth,4
Complemented,4
Perfectly,4
Gigi,4
Monochromatic,4
Photo,4
Puppets,4
Determine,4
Silver,4
Needs,4
Shine,4
Science,4
Acid,4
Transformed,4
Washington,4
Sailor,4
Weis,4
Education,4
Actor,4
Says,4
Ritual,4
Sydney,4
Internet,4
Favorite,4
Surprise,4
Appearance,4
Sweater,4
Swear,4
Fast,4
Feet,4
Nothing,4
Furthermore,4
Supreme,4
Sulwhasoo,4
Trio,4
Duo,4
Touch,4
Hand,4
Yours,4
Butter,4
Organic,4
Eve,4
Netherlands,4
Anastasia,4
Beverly,4
Hills,4
Cowan,4
Award,4
Velvet,4
Chicken,4
Edition,4
Linneys,4
Mr,4
Candle,4
Berries,4
Fun,4
Label,4
Boss,4
Kindle,4
Shopbop,4
Oroton,4
Deals,4
Store,4
Co,4
Realisation,4
Par,4
Pay,4
Parisian,4
Italy,4
Adelaide,4
Maya,4
Louis,4
Vuitton,4
Lady,4
Kate,4
Trip,4
Favorites,4
Lookbook,4
Brother,4
Paddy,4
Tessa,4
Regularly,4
Ensure,4
Jewelry,4
Yeshi,4
Nisha,4
David,4
Tobias,4
Wolf,4
Alex,4
Trochut,4
Decent,4
Basic,4
Steep,4
Weebly,4
Universe,4
Pixpa,4
Lite,4
Took,4
Risings,4
Republic,4
Daily,4
College,4
Accessories,4
Advice,4
Accept,4
Sports,4
Cocktail,4
Seiko,4
Praise,4
Oluebube,4
Him,4
Cargo,4
Vanity,4
Excited,4
Insoles,4
Cleats,4
Sugaring,4
Removal,4
Africa,4
Gown,4
Telemedicine,4
Culturally,4
Digitally,4
Monet,4
Meagan,4
Fantasia,4
Hudson,4
Dion,4
Jay,4
Bombshell,4
Alert,4
Smile,4
Frow,4
Guitar,4
Blair,4
Makeda,4
Ashleigh,4
Basics,3
Nail,3
Sure,3
Materials,3
Leg,3
Medallion,3
Polished,3
Bad,3
Gateway,3
Ubuntu,3
Things,3
Travels,3
Tie,3
Drinks,3
Turns,3
During,3
Sundays,3
Wednesday,3
Theme,3
Wishlist,3
Quilted,3
Peach,3
Fuzz,3
Lenovo,3
Austin,3
Peter,3
Recently,3
Hi,3
Knowledge,3
Goldsworthy,3
Simplicity,3
Smell,3
Rosie,3
Olay,3
History,3
Methodology,3
Diving,3
Worked,3
Industry,3
Growth,3
Hours,3
Average,3
Meanwhile,3
Takeaways,3
Ready,3
Writer,3
Solutions,3
Member,3
Authors,3
Globally,3
Absolutely,3
Kasumovic,3
Strategies,3
Driven,3
Execution,3
Feedback,3
Quick,3
Nano,3
Investment,3
Effectiveness,3
Direct,3
Marketers,3
Businesses,3
Managing,3
Early,3
Regular,3
Potential,3
Freedom,3
Reach,3
Insights,3
Types,3
Develop,3
Final,3
State,3
Mileva,3
Without,3
Detailed,3
Recruiting,3
Lifecycle,3
App,3
Research,3
Marketplace,3
Tailored,3
Choosing,3
Remember,3
Browse,3
Play,3
Connect,3
Foundations,3
Met,3
Gala,3
Sleeping,3
Ragazze,3
Italia,3
Lidl,3
Silk,3
Cosa,3
Natale,3
Angelis,3
Mi,3
Information,3
Trending,3
Newsletter,3
Plaid,3
Sport,3
Gray,3
Giugno,3
Scott,3
Il,3
Chi,3
Mermaid,3
Stop,3
Buys,3
Accessory,3
Minimalistic,3
Lily,3
Suede,3
Corrin,3
Already,3
Meghan,3
Brides,3
Doing,3
Laundry,3
Shimmer,3
Ho,3
Salento,3
Puglia,3
Carven,3
Marks,3
Creal,3
Christopher,3
France,3
Marseille,3
Afterglow,3
Balm,3
Stories,3
Johnson,3
Substack,3
Dr,3
Facial,3
Moisturising,3
Ad,3
Magazines,3
Euros,3
Katy,3
Wellbeing,3
Pack,3
Gentleman,3
Officially,3
Hall,3
Fame,3
Sharp,3
Attire,3
Revival,3
Tenniscore,3
Brought,3
Spectacular,3
Grid,3
Maxwell,3
Packing,3
Appeal,3
Crochet,3
Tops,3
Started,3
Priyanka,3
Hannah,3
Sweet,3
Suki,3
Bringing,3
Hyaluronic,3
Struggles,3
Feb,3
Become,3
Kerry,3
Sex,3
Re,3
Talks,3
Obsession,3
Founder,3
Mission,3
Voice,3
Candid,3
Artist,3
Non,3
Ballet,3
Common,3
Musician,3
Reveals,3
Tool,3
Space,3
Keke,3
Significant,3
Seen,3
Card,3
Approved,3
Trousers,3
Current,3
Mother,3
Inspiring,3
Wit,3
Perth,3
Bobbi,3
Cleansing,3
Jurlique,3
Restorative,3
Rich,3
Hydration,3
Base,3
Genes,3
Urban,3
Sea,3
Berry,3
Salt,3
Coco,3
Including,3
Intense,3
Mecca,3
Project,3
Tilbury,3
Luminizer,3
Wisdom,3
Tinted,3
Kind,3
Words,3
Smashbox,3
Smooth,3
Fan,3
Mascara,3
Petal,3
Gelatin,3
Greens,3
Reds,3
Gummies,3
Bundle,3
Jewellery,3
Lucy,3
Necklace,3
Anything,3
Bink,3
Banks,3
Series,3
Deer,3
Usually,3
Starting,3
Lululemon,3
Jenelle,3
Alo,3
Aje,3
Pretty,3
Boutique,3
Length,3
Zara,3
Both,3
Perhaps,3
Tagged,3
Waterhouse,3
Picture,3
Olivia,3
Archive,3
Blazers,3
W,3
Something,3
Jacket,3
Caine,3
Champagne,3
Director,3
Protect,3
Pop,3
Away,3
Writing,3
Say,3
Copy,3
Guaranteed,3
Ads,3
Small,3
Stage,3
Target,3
Global,3
Plan,3
Inventory,3
Describe,3
Include,3
Track,3
Rank,3
Math,3
Security,3
Knowing,3
Manager,3
Reviews,3
Launch,3
Inspire,3
Practical,3
Sophia,3
Choice,3
Roos,3
Sierra,3
Communications,3
Schneider,3
Skyler,3
Hefley,3
Ellen,3
Skye,3
Revolutionary,3
Minutes,3
Imagine,3
Prompt,3
Ease,3
Looka,3
Maker,3
Subscription,3
Page,3
Moderate,3
Useful,3
Pros,3
Cons,3
Integrations,3
Zapier,3
Strikingly,3
Berta,3
Commerce,3
Enterprise,3
Optimized,3
Speed,3
Installing,3
Tina,3
Tote,3
Ring,3
Wears,3
Balance,3
Wholesale,3
Departments,3
Boom,3
Intern,3
War,3
Julie,3
Round,3
Haute,3
Generation,3
Roundup,3
Network,3
Old,3
Family,3
Advertise,3
Cookies,3
Maternity,3
Gen,3
Tone,3
Recent,3
Huckberry,3
Sole,3
Program,3
Davido,3
Inspirations,3
Trendy,3
Curls,3
Curly,3
Date,3
Couple,3
Green,3
Sitemap,3
Blogger,3
Type,3
America,3
Henry,3
Marx,3
Bruce,3
Liverano,3
Canoe,3
Colognes,3
Attractive,3
Cheap,3
Grammys,3
Miley,3
Jenner,3
Recap,3
Mielle,3
Monique,3
Dolce,3
Gabbana,3
Alexis,3
Bittar,3
Fourth,3
Halle,3
Bailey,3
Spotlight,3
Angela,3
Simmons,3
Taraji,3
Henson,3
Monroe,3
Lopez,3
Movie,3
Breaking,3
Portugal,3
Daileigh,3
Tanesha,3
Tribeca,3
Rs,3
Savette,2
Julietta,2
Erdem,2
Thefashionguitar,2
Maisonette,2
James,2
Gems,2
Fash,2
Prev,2
Natasha,2
Maqsood,2
N,2
Tod,2
Combining,2
Dapper,2
Virgin,2
Tokyo,2
Socks,2
Eats,2
Gin,2
Tonic,2
Icons,2
Icon,2
Jack,2
Ireland,2
Dressiquete,2
Drop,2
Tried,2
Account,2
Slim,2
Jogger,2
Bra,2
Vest,2
Corset,2
Lace,2
Flare,2
Panel,2
Flutter,2
Muscle,2
Tank,2
Maxi,2
Maria,2
Grab,2
Texas,2
Riverwalk,2
Zealand,2
Compensation,2
Earnings,2
Annual,2
Paid,2
Throughout,2
Growing,2
Comparison,2
Predictions,2
Summary,2
Given,2
Hence,2
Specific,2
Selection,2
Guidelines,2
Understand,2
Monitoring,2
Consumer,2
Handling,2
Version,2
Perception,2
Adoption,2
Impact,2
Frequency,2
Emerging,2
Preferences,2
Allocation,2
Across,2
Survey,2
Budgeting,2
Budgets,2
Formula,2
Unlike,2
Problems,2
Multi,2
Structured,2
Dual,2
Results,2
Regarding,2
Incentives,2
Dive,2
Moreover,2
Reflecting,2
Human,2
Navigating,2
Ahead,2
Call,2
Embrace,2
Invest,2
Thoughts,2
Transparency,2
Access,2
European,2
Advertising,2
Luckily,2
Broad,2
Third,2
Listening,2
Youtube,2
Ukraine,2
Companies,2
Tribe,2
Dynamics,2
Slack,2
Library,2
Integrated,2
Currently,2
Competitor,2
Visual,2
Comprehensive,2
Whatever,2
Ultimately,2
Frequently,2
Tiana,2
Thanksgiving,2
Hacks,2
Jackson,2
Wish,2
Loved,2
Control,2
Chiara,2
Ferragni,2
Swimsuits,2
Salad,2
Preparati,2
Eau,2
Italiani,2
Aperto,2
Obagi,2
Trentino,2
Absolute,2
Sensai,2
Buongiorno,2
Zagulini,2
Italiana,2
Torino,2
Sono,2
Da,2
Firenze,2
Tre,2
Cristi,2
Reims,2
Un,2
Dietox,2
Zagufashion,2
Dalmore,2
Could,2
Move,2
Boring,2
Khaki,2
Tweed,2
Chalk,2
Breasted,2
Truly,2
Immagine,2
Scopri,2
Esplora,2
Ottobre,2
Lyle,2
Gennaio,2
Shinesty,2
Dolly,2
Noire,2
International,2
Positivity,2
Settembre,2
Guy,2
Suddenly,2
Linen,2
Elegance,2
Collins,2
Sporting,2
Bob,2
Learned,2
Retinol,2
Derms,2
Prettiest,2
Bridal,2
Chill,2
Surpassing,2
Jorts,2
Chicest,2
Markle,2
Angelina,2
Jolie,2
Birkin,2
Graham,2
Gatekeeping,2
Size,2
Exactly,2
Handpicked,2
Printed,2
Alt,2
Coming,2
Ref,2
Collectively,2
Visiting,2
Totes,2
Vouch,2
Strangers,2
Compliment,2
Nipple,2
Fave,2
Detergent,2
Smells,2
Labo,2
Included,2
Saw,2
Chamberlain,2
Quite,2
Literally,2
Floor,2
Cerca,2
Nature,2
Giappone,2
Osaka,2
Cook,2
Costa,2
Vincent,2
Kristina,2
Lucas,2
Oliver,2
Mill,2
Sojo,2
Glossy,2
Decorator,2
Caroline,2
Cleanser,2
Minute,2
Comme,2
Garcons,2
Cheek,2
Coral,2
Lesse,2
Omorovicza,2
Themes,2
Jersey,2
Max,2
Mara,2
Shirts,2
Dad,2
Independence,2
Shape,2
Hate,2
Logos,2
Fresh,2
Lightweight,2
Superpower,2
Far,2
Win,2
Feeling,2
Feels,2
Facelift,2
Gwyneth,2
Scarlett,2
Johansson,2
Glamorous,2
Nordic,2
Outdoors,2
Beaten,2
Path,2
Forest,2
Retreats,2
Sand,2
Works,2
Resorts,2
Forefront,2
Lost,2
Remote,2
Immerse,2
Yourself,2
Cultures,2
Traditions,2
Brandon,2
Sandal,2
Matter,2
Sorrento,2
Amplifying,2
Voices,2
African,2
Strand,2
Twists,2
Ranged,2
Edgy,2
Glam,2
Diana,2
Ethereal,2
Organza,2
Radar,2
Dogs,2
Live,2
Realism,2
Quirky,2
Slogan,2
Tees,2
Pritika,2
Swarup,2
Rooted,2
Tradition,2
Carly,2
Mark,2
Strange,2
Surreal,2
Hustle,2
Sukeina,2
Muses,2
Bewitching,2
Waddingham,2
Aura,2
Hail,2
Lashana,2
Lynch,2
Globe,2
Michaela,2
Wants,2
Winnie,2
Harlow,2
Cold,2
Andie,2
Killer,2
Annie,2
Murphy,2
Bloom,2
Melanated,2
Salma,2
Hayek,2
Gorgeous,2
Grays,2
Clinic,2
Bathroom,2
Counter,2
Tight,2
Neuropeptide,2
Mimic,2
Effects,2
Botox,2
Blame,2
Anti,2
Glycation,2
Slowing,2
Aging,2
Insider,2
Joins,2
Winx,2
Advisor,2
Investor,2
Vaginal,2
Rejuvenation,2
Juliana,2
Martinez,2
Keeps,2
Grateful,2
Mandy,2
Moore,2
Trick,2
Empowered,2
Baths,2
Ayesha,2
Christina,2
Ricci,2
Rootd,2
Ania,2
Wysocka,2
Combat,2
Panic,2
Attacks,2
Rapp,2
Drew,2
Barrymore,2
Gives,2
Mom,2
Medalist,2
Lindsey,2
Vonn,2
Involves,2
Sleep,2
Cleo,2
Wade,2
Negotiable,2
Practice,2
Misty,2
Copeland,2
Mentorship,2
Comedian,2
Yvonne,2
Orji,2
Discovering,2
Authentic,2
Moreno,2
Gossip,2
Character,2
Luna,2
Supermodel,2
Karen,2
Elson,2
Brings,2
Peace,2
Sweeney,2
Swears,2
Germain,2
Coolcation,2
Evolution,2
Experimentation,2
Tour,2
Twisters,2
Covers,2
Eva,2
Longoria,2
Subtle,2
Tweak,2
Schooled,2
Blueprint,2
Knitwear,2
Flat,2
Iron,2
Blushes,2
Radiant,2
Training,2
Marathon,2
Middle,2
Towns,2
Trial,2
Brow,2
Alternative,2
Lamination,2
Aren,2
Mani,2
Updo,2
Pattern,2
Alongside,2
Edward,2
Frankie,2
Pantaloni,2
Con,2
Quali,2
Impulse,2
Hai,2
Prodotti,2
Cose,2
Libri,2
Consigli,2
Santa,2
Foreo,2
Activating,2
Sodashi,2
Centella,2
Kakadu,2
Plum,2
Seed,2
Kora,2
Enriched,2
Ice,2
Ceramide,2
Hygge,2
Hotel,2
Firmly,2
Jungle,2
Regenerating,2
Clay,2
Excellent,2
Mum,2
Experience,2
Robe,2
Comb,2
Hourglass,2
Ambient,2
Lighting,2
Palette,2
Katie,2
Wand,2
Revolution,2
Setting,2
Instantly,2
Aloe,2
Virtue,2
Magnetize,2
Transcend,2
Delight,2
Admired,2
Glamour,2
Finish,2
Blur,2
Primer,2
Lipstick,2
Holme,2
Bouche,2
Satin,2
Inner,2
Certified,2
Bioactive,2
Peptides,2
Miso,2
Ramen,2
Beef,2
Gutsy,2
Diamond,2
Maximese,2
Letter,2
Soy,2
Straw,2
Cap,2
Mama,2
Standard,2
Fir,2
Cedarwood,2
Fragrance,2
Diffuser,2
Lotion,2
Goldfield,2
Botanical,2
Sample,2
Sets,2
Dozy,2
Wooden,2
Puzzle,2
Anthropologie,2
Joseph,2
Theragun,2
Witty,2
Lusting,2
Above,2
Matches,2
Farfetch,2
Elka,2
Collective,2
Myer,2
Woods,2
Selected,2
Bassike,2
Everlane,2
Henne,2
Past,2
Stylerunner,2
Bohemian,2
Traders,2
Bonds,2
Naked,2
Cult,2
Bed,2
Bath,2
Various,2
Dyson,2
Etsy,2
Opt,2
Yves,2
Whilst,2
Tan,2
Timeless,2
Museum,2
Asia,2
Tattarang,2
Andrew,2
Nicola,2
Forrest,2
Feminine,2
Boot,2
George,2
Alternatively,2
Sofia,2
Richie,2
Layered,2
Bottega,2
Aller,2
Dorset,2
Favourite,2
Brilliant,2
Fringe,2
Happy,2
Cotswolds,2
Charleston,2
Insecure,2
Jimmy,2
Choo,2
Magenta,2
Story,2
Olive,2
Everpress,2
Sam,2
Harry,2
Sir,2
Charlie,2
Job,2
Swiss,2
Norfolk,2
Ted,2
Baker,2
Kelvin,2
Vitae,2
Jackets,2
Clare,2
Beautiful,2
Wild,2
Interestingly,2
Editors,2
Proven,2
Engages,2
Converts,2
Besides,2
Sources,2
Isn,2
Tigran,2
Nazaryan,2
Biggest,2
Them,2
Gayane,2
Vardanyan,2
Furniture,2
Seller,2
Migrate,2
Andy,2
Analyze,2
Highlight,2
Strengths,2
Weaknesses,2
Threats,2
Safety,2
Maintain,2
Cloud,2
Efficient,2
Forecast,2
Implement,2
Square,2
Yoast,2
Link,2
Send,2
Tap,2
Pet,2
Athleisure,2
Blend,2
Reseller,2
Teniola,2
Fatunmbi,2
Joao,2
Verissimo,2
Asian,2
Spectrum,2
Vibrant,2
Simplified,2
Interactive,2
Luke,2
Sethi,2
Beeldt,2
Craig,2
Showreel,2
Clear,2
Clicking,2
Mixtapes,2
Visually,2
Seamless,2
Projects,2
Scrolling,2
Canada,2
Spain,2
Ju,2
Showcase,2
Avoid,2
Famous,2
Customization,2
Reputation,2
Generator,2
Customize,2
Subscriptions,2
Prices,2
Versatile,2
Reliable,2
Dream,2
Require,2
Effort,2
Workflow,2
Community,2
Open,2
Unlimited,2
Encrypt,2
Class,2
Aesthetically,2
Parsam,2
Unused,2
Mae,2
Sep,2
Jan,2
Possible,2
Ride,2
Dawn,2
Comfortable,2
Deal,2
Heart,2
Nicole,2
Tammy,2
Baldwin,2
Politics,2
Stylist,2
Grand,2
Cayman,2
Lee,2
Codes,2
Preppy,2
Law,2
Change,2
Avril,2
Impressions,2
Selena,2
Gomez,2
Lehenga,2
Travis,2
Aritzia,2
Further,2
Shein,2
Jatania,2
Study,2
Burberry,2
Wrong,2
Saks,2
Neiman,2
Jobs,2
Brat,2
Development,2
Korea,2
Makeover,2
Op,2
Ed,2
Battle,2
Goodbye,2
China,2
Chile,2
Bets,2
Colombia,2
Imran,2
Amed,2
Backstage,2
Pass,2
Thom,2
Browne,2
Careers,2
Cowgirl,2
Vibe,2
Sometimes,2
Benefactors,2
Heirloom,2
Money,2
Jordan,2
Diane,2
Abercrombie,2
Rachel,2
Comfy,2
Pure,2
Forget,2
Dreams,2
Keira,2
Knightley,2
Rule,2
Puts,2
Wins,2
Benefits,2
End,2
Bride,2
Deeper,2
Monaco,2
Nast,2
Easily,2
Esquire,2
Considering,2
Scam,2
Nine,2
Habits,2
Confident,2
Cigar,2
Girlfriend,2
Associates,2
Moments,2
Adeleke,2
Shines,2
Photos,2
Nailing,2
Sharon,2
Ooja,2
Egwurube,2
Triangle,2
Unleash,2
Tribal,2
Stand,2
Jumbo,2
Braid,2
Irresistible,2
Unlock,2
Jaw,2
Dropping,2
Applying,2
Uniquely,2
Turning,2
Capture,2
Attention,2
Stars,2
Nailed,2
Naija,2
Announced,2
Stuns,2
Moisturizers,2
Oily,2
Example,2
Amazing,2
Options,2
Kristen,2
Colman,2
Domingo,2
Dupe,2
Forward,2
Express,2
Emails,2
Weekly,2
Vietnam,2
Martin,2
Armstrong,2
Eagle,2
Schirra,2
Cronkite,2
Spotify,2
Five,2
Mayer,2
Lemaire,2
Yukio,2
Precious,2
Ford,2
Mon,2
Oncle,2
Royal,2
Write,2
Survivors,2
Saving,2
Bespoke,2
Shoemaking,2
Pt,2
Templeman,2
Wegan,2
Matsuda,2
Lobb,2
Archives,2
Anthony,2
Grant,2
Boyer,2
Caraceni,2
Fragrances,2
Bald,2
Proper,2
Birthday,2
Solid,2
Ventures,2
Carin,2
Cyrus,2
Maison,2
Margiela,2
Swift,2
Schiaparelli,2
Option,2
Kylie,2
Tennis,2
Ari,2
Lenox,2
Balmain,2
Seks,2
Kwame,2
Adusei,2
Letoya,2
Luckett,2
Cynthia,2
Rowley,2
Sulmers,2
Staud,2
Jewels,2
Divorce,2
Festival,2
Capitol,2
Siriano,2
Halo,2
Rocky,2
Puma,2
Myrtis,2
Thweatt,2
Blacks,2
Heels,2
Samuel,2
Lewis,2
Sergio,2
Marilyn,2
Beyonce,2
Miu,2
Ciara,2
Teyana,2
Delivers,2
Lizzo,2
Atlanta,2
Into,2
Fabulous,2
Gabrielle,2
Because,2
Kelly,2
Harvey,2
Mail,2
Fab,2
Act,2
Grow,2
Straight,2
Looksmaxxing,2
Starboy,2
Sleeves,2
Sanders,2
Extra,2
Circle,2
Joe,2
Jamaica,2
Birds,2
Reject,2
Schirmacher,2
Jodie,2
Comer,2
Cass,2
Bird,2
Licette,2
Morillo,2
Marta,2
Engaard,2
Ana,2
Abril,2
Christine,2
Amsterdam,2
Vanessa,2
Native,2
North,2
Theory,2
Loft,2
Yeong,2
Sassall,2
Ori,2
Harpaz,2
Anyone,2
Flats,2
Coachella,2
Bangladesh,2
Georgia,2
Cerrado,2
Begin,1
Egg,1
Canvas,1
Lindeberg,1
Gommino,1
Tis,1
Dandy,1
Weirdly,1
Fish,1
Chips,1
Michelin,1
Toad,1
Hole,1
Squeak,1
Bars,1
Sit,1
Ahh,1
Nana,1
Dunhill,1
Scotland,1
Yeahhhh,1
Dexterity,1
Fancy,1
Sartorial,1
Wooster,1
Entries,1
Proudly,1
Ixion,1
Ah,1
Orton,1
Buru,1
Owned,1
Akanksha,1
Redhu,1
Reiki,1
Running,1
Custodians,1
Elders,1
Indigenous,1
Java,1
Videos,1
Demographics,1
Understanding,1
Drive,1
Revenue,1
Total,1
Gifted,1
Hardest,1
Differ,1
Quotes,1
Contributors,1
Summarize,1
Solving,1
Complexities,1
Coordination,1
Facts,1
Dominant,1
Rising,1
Levels,1
Formats,1
Algorithm,1
Incentive,1
Tiers,1
Micro,1
Macro,1
Preference,1
Increases,1
Decrease,1
Implications,1
Contract,1
Six,1
Figure,1
Sauce,1
Bandwidth,1
Specialized,1
Identification,1
Funnel,1
Approximately,1
Channel,1
Tactics,1
Consumers,1
Highlighting,1
Encouraging,1
Solution,1
Massive,1
Term,1
Statistics,1
Fuel,1
Adaptation,1
Changes,1
Used,1
Monetary,1
Smaller,1
Objectives,1
Deep,1
Utilization,1
Technologies,1
Jasper,1
Optimism,1
Projections,1
Adaptability,1
Action,1
Technological,1
Advancements,1
Authenticity,1
Measurement,1
Techniques,1
Proof,1
Continued,1
Updates,1
Travelbird,1
Group,1
Disclosure,1
Creation,1
Formerly,1
Targeted,1
Large,1
Magento,1
Gmail,1
Browser,1
Amplification,1
Mavrck,1
Bazaarvoice,1
Shiseido,1
Unilever,1
Pandora,1
Samsung,1
Vitality,1
Score,1
Tumblr,1
Cross,1
Basically,1
Exportable,1
Marketplaces,1
Bolster,1
Scalable,1
Provides,1
Filters,1
Prioritize,1
Ensuring,1
Asked,1
Economy,1
Metaverse,1
Huffington,1
Ravishly,1
Cute,1
Active,1
Courtney,1
Yorker,1
Cuties,1
Frog,1
Parks,1
Update,1
Fuze,1
Branding,1
Sophistication,1
Pieces,1
Burl,1
Policies,1
Sincerely,1
Jules,1
Slicked,1
Legally,1
Missoni,1
Irina,1
Shayk,1
Sabato,1
Sarno,1
Cruise,1
Luca,1
Guadagnino,1
Masterpieces,1
Beauties,1
Xiao,1
Zhan,1
Lido,1
Contacts,1
Warranty,1
Resolution,1
Anche,1
Quest,1
Ci,1
Skicare,1
Fondata,1
Stati,1
Uniti,1
Finalmente,1
Siete,1
Koishimaru,1
Una,1
Riviera,1
Conero,1
Oggi,1
Sapete,1
Qualche,1
Veuve,1
Clicquot,1
Ormai,1
Oltre,1
Engines,1
Interviews,1
Segui,1
Whisky,1
Alexander,1
Beginner,1
Sustainable,1
Wash,1
Sacrificing,1
Definitely,1
Terracotta,1
Hopsack,1
Glen,1
Herringbone,1
Occasion,1
Aperitivo,1
Four,1
Seasons,1
Florence,1
Groom,1
Destination,1
Che,1
Pride,1
Avirex,1
Ellesse,1
Kronos,1
Aprile,1
Rappresentazione,1
Marzo,1
Se,1
Dicembre,1
Borse,1
Codice,1
Sconto,1
Al,1
Ecco,1
Diffondo,1
Overboard,1
Riccardo,1
Onorato,1
Tutti,1
Continuando,1
Sidebar,1
Alla,1
Creta,1
Villa,1
Petra,1
Sud,1
Est,1
Charme,1
Eventi,1
Luglio,1
Viaggio,1
Kyoto,1
Nara,1
Isole,1
Esplorando,1
Uluru,1
Dormire,1
Muralla,1
Roja,1
Blanca,1
Hanno,1
Storia,1
Collezione,1
Realizzata,1
Vacanze,1
Bari,1
Eremo,1
Feed,1
Utilizziamo,1
Condividiamo,1
Sotheby,1
Helmed,1
Neill,1
Collector,1
Walls,1
Deliveroo,1
Fixed,1
Spencer,1
Regent,1
Shout,1
Rabinowitsch,1
Hirons,1
Rocks,1
Yu,1
Diptyque,1
Playdoh,1
Dover,1
Savon,1
Walther,1
Horlogers,1
Brassus,1
Blusher,1
Merit,1
Flush,1
Tint,1
Florentine,1
Jalil,1
Cosrx,1
Dennis,1
Gross,1
Neada,1
Deters,1
Paravina,1
Valentina,1
Li,1
Break,1
Flesh,1
Mayfair,1
Institute,1
Audley,1
Hungarian,1
Rest,1
Xhesilda,1
Byoma,1
Supergoop,1
Unseen,1
Antipodes,1
Supernatural,1
Ina,1
Levy,1
Polska,1
Films,1
Petit,1
Shoots,1
Themify,1
Lucky,1
Vuelio,1
Lucinda,1
Chambers,1
Issa,1
Linda,1
Rodin,1
Lyn,1
Slater,1
Adrienne,1
Wyper,1
Citizens,1
Bureau,1
Helen,1
Sprezzatura,1
Prue,1
Leith,1
Orla,1
Kiely,1
Nilgin,1
Yusuf,1
Refuse,1
Ages,1
Menopause,1
Haircare,1
Arts,1
Stirtingale,1
Fail,1
Kick,1
Push,1
Skate,1
Horology,1
Serious,1
Collectors,1
Till,1
Counterfeit,1
Plug,1
Hybrid,1
Darwin,1
Whiskeys,1
Sip,1
Ape,1
Swim,1
Subs,1
Luggage,1
Resilience,1
Ace,1
Impress,1
Dos,1
Drops,1
Spirits,1
Box,1
Kicks,1
Upgrade,1
Luxurious,1
Golfing,1
Getaway,1
Grove,1
Hertfordshire,1
Streetwear,1
Cop,1
Loosen,1
Definitive,1
Scroll,1
Curiously,1
Conscious,1
Ziimara,1
Toe,1
Dewy,1
Flushed,1
Hands,1
Sunny,1
Escape,1
Retreat,1
Prince,1
County,1
Countryside,1
Vlog,1
Marshalls,1
Ultime,1
Scorrendo,1
Piumino,1
Viso,1
Dopo,1
Piccoli,1
Capodanno,1
Credits,1
Mag,1
Chiudendo,1
Acconsento,1
Canotte,1
Giacche,1
Scarpe,1
Profumi,1
Rossetti,1
Tutte,1
Giulia,1
Torelli,1
Musica,1
Usando,1
Scoprine,1
Normal,1
Firming,1
Massage,1
Brush,1
Sonic,1
Massages,1
Foam,1
Rejuvenating,1
Contour,1
Jojoba,1
Rosehip,1
Bakuchiol,1
Frankincense,1
Calendula,1
Miranda,1
Kerr,1
Known,1
Foaming,1
Exfoliating,1
Moisturizer,1
Noni,1
Liquorice,1
Primed,1
Ideal,1
Lactic,1
Treatment,1
Heroes,1
Containing,1
Ole,1
Henriksen,1
Melt,1
Softly,1
Sunflower,1
Chamomile,1
Flower,1
Shea,1
Buckthorn,1
Dermatologically,1
Indulgence,1
Aroma,1
Shower,1
Iove,1
Boosted,1
Hendrix,1
Soak,1
Formulated,1
Petals,1
Shampoo,1
Conditioner,1
Mirsalehi,1
Bee,1
Garden,1
Treats,1
Nourishing,1
Coconut,1
Fig,1
Masque,1
Unlocked,1
Exclusively,1
Nonhuman,1
Huda,1
Naughty,1
Nude,1
Eyeshadow,1
Beautifying,1
Secrets,1
Cheat,1
Batch,1
Airbrush,1
Piece,1
Lash,1
Silhouette,1
Hour,1
Radicare,1
Highlighter,1
Highlighters,1
Violette,1
Jardin,1
Bagatelle,1
Allure,1
Glide,1
Lipsticks,1
Espressoh,1
Glassy,1
Glass,1
Improving,1
Plump,1
Flora,1
Lactobacillus,1
Powder,1
Zinc,1
Silica,1
Maca,1
Tribulus,1
Lovers,1
Manuka,1
Creamy,1
Ayurvedic,1
Enjoy,1
Homestyle,1
Hearty,1
Glorious,1
Blueberry,1
Strawberry,1
Moulds,1
Jewellers,1
Subiaco,1
Coastline,1
Pictured,1
Plated,1
Brass,1
Deadly,1
Ponies,1
Handcrafted,1
Bouvine,1
Asymmetrical,1
Glasshouse,1
Christmases,1
Triple,1
Scented,1
Contains,1
Gingerbread,1
Bottle,1
Fill,1
Warming,1
Sandalwood,1
Tonka,1
Clove,1
Eucalyptus,1
Pine,1
Orange,1
Grapefruit,1
Valley,1
Jasmine,1
Hanging,1
Bauble,1
Reminiscent,1
Created,1
Daintree,1
Rainforest,1
Tasmania,1
Holdie,1
Animals,1
Children,1
Doll,1
Plush,1
Animal,1
Toys,1
Adult,1
Kirra,1
Sold,1
Lion,1
Lamb,1
Peg,1
Puzzles,1
Creuset,1
Weber,1
Lelit,1
Aka,1
Veja,1
Martens,1
Nah,1
Unless,1
Merry,1
Layer,1
Undoubtedly,1
Nov,1
Expect,1
Somehow,1
Huge,1
Bloomingdales,1
Anine,1
Bing,1
Viktoria,1
Undone,1
Manning,1
Cartell,1
Meshki,1
Neuw,1
Pared,1
Eyeware,1
Leo,1
Lin,1
Agni,1
Posse,1
Abrand,1
Wittner,1
Witchery,1
Polly,1
Premier,1
Pup,1
Mimco,1
Madewell,1
Sheike,1
Storewide,1
Showpo,1
Glue,1
Rollas,1
Quay,1
Gey,1
Beginning,1
Jean,1
Wanderlust,1
Aureum,1
Mejuri,1
Chupi,1
Arms,1
Adore,1
Bay,1
Sigma,1
Decay,1
Amore,1
Bare,1
Minerals,1
Priceline,1
Mermade,1
Nation,1
Vida,1
Pottery,1
Barn,1
Roundhouse,1
Elm,1
Sonoma,1
Casetify,1
Catch,1
Memo,1
Bugaboo,1
Prams,1
Jac,1
Proenza,1
Schouler,1
Okay,1
Unbeatable,1
Wearable,1
Dimensions,1
Inca,1
Partridge,1
Patent,1
Nutcracker,1
Ugh,1
Leafbird,1
Junco,1
Versatility,1
Horizontal,1
Swap,1
Breton,1
Mariniere,1
Hold,1
Originally,1
Dollar,1
Mick,1
Flinders,1
Ranges,1
Percy,1
Prospect,1
Outback,1
Heritage,1
Furthering,1
Capital,1
Hennessy,1
Catterton,1
Millicent,1
Yearling,1
Chestnut,1
Equipment,1
Wall,1
Moving,1
Grainge,1
Along,1
Adding,1
Veneta,1
Would,1
Tell,1
Nightwear,1
Bakes,1
Recipes,1
Concise,1
Tuesday,1
Playlist,1
Afternoon,1
Pull,1
Stationery,1
Papier,1
Handbook,1
Jacklin,1
Listen,1
Objects,1
Desire,1
Tattoo,1
Bedside,1
Behold,1
Toteme,1
Cinch,1
Half,1
Moon,1
Colours,1
Sheer,1
Swimwear,1
Flattering,1
Editions,1
Empties,1
Sharing,1
Cement,1
Form,1
Opened,1
Artemis,1
Survivor,1
Morocco,1
Tanya,1
Pregnancy,1
Loungewear,1
Beige,1
Suiting,1
Grey,1
Relaxed,1
Washed,1
Twill,1
Jacamo,1
Lungs,1
Tee,1
Richmond,1
Park,1
Brothers,1
Nikki,1
Dom,1
Croker,1
Lynes,1
Y,1
Yvan,1
Mazzucchelli,1
Zeiss,1
East,1
Richard,1
Gilmore,1
Deeply,1
Glasgow,1
Chore,1
Baseball,1
Connor,1
Suncare,1
Bronze,1
Exfoliate,1
Aftersuns,1
Aftersun,1
Soothing,1
Vera,1
Ant,1
Competition,1
Textual,1
Buyers,1
Washbag,1
Blogging,1
Readers,1
Curation,1
Pretending,1
Reviewing,1
Consequently,1
Ours,1
Remarkable,1
Writers,1
Maximize,1
Tackle,1
Coaching,1
Brandable,1
Pinki,1
Joshi,1
Jun,1
Soulahian,1
Ani,1
Embarking,1
Preparation,1
Conduct,1
Investigate,1
Competitive,1
Statista,1
Proposition,1
Emphasize,1
Developing,1
Recognize,1
Evaluate,1
Calculate,1
Opting,1
Liability,1
Corporation,1
Tax,1
Registration,1
Alibaba,1
Trade,1
Attend,1
Directories,1
Kompass,1
Networking,1
Depending,1
Needless,1
Recruitment,1
Onboarding,1
Train,1
Trello,1
Demand,1
Categorize,1
Zoho,1
Executive,1
Lay,1
Outline,1
Operational,1
Detail,1
Financial,1
Introduce,1
Appendix,1
Infrastructure,1
Acquire,1
Namecheap,1
Host,1
Traditionally,1
Leveraging,1
Indicate,1
Provide,1
Finalize,1
Configure,1
Manage,1
Handle,1
Integrate,1
Suppliers,1
Automate,1
Wordfence,1
Optimize,1
Keyword,1
Technical,1
Craft,1
Mailchimp,1
Constant,1
Hootsuite,1
Buffer,1
Consistent,1
Display,1
Encourage,1
Establish,1
Retargeting,1
Monitor,1
Exploring,1
Eco,1
Cater,1
Package,1
Personalized,1
Capitalize,1
Myprotein,1
Chewy,1
Fully,1
Niche,1
Kettle,1
Fire,1
Customized,1
Enable,1
Printful,1
Estate,1
Overview,1
Creating,1
Curated,1
Slider,1
Restrained,1
Bold,1
Colorful,1
Brooklyn,1
Captivate,1
Ultra,1
Memorable,1
Plese,1
Showstopping,1
Textured,1
Hover,1
Scottish,1
Acrylic,1
Craigs,1
Typography,1
Stacked,1
Additional,1
Lingk,1
Understated,1
Transparent,1
Skillfully,1
Ling,1
Semplice,1
Artistic,1
Straightforward,1
Interface,1
Salesforce,1
Strategically,1
Toronto,1
Artistically,1
Symphony,1
Graduated,1
Barcelona,1
Captivating,1
Exudes,1
Bachelor,1
Computer,1
Interaction,1
Blood,1
Winner,1
Outstanding,1
Forbes,1
Indulge,1
Prominently,1
Facilitate,1
Appointment,1
Incorporate,1
Solicit,1
Impressive,1
Minsayan,1
Entrepreneurial,1
Valuable,1
Optional,1
Overall,1
Extensive,1
Designing,1
Flexible,1
Intuitive,1
Combine,1
Refine,1
Scale,1
Extensions,1
Smarter,1
Shocking,1
Accurate,1
Detectors,1
Upwork,1
Dell,1
Lattice,1
Easiest,1
Aesthetics,1
Curve,1
Elementor,1
Graph,1
Concerning,1
Figma,1
Feature,1
Powerful,1
Undeniably,1
Repository,1
Poor,1
Difficult,1
Combo,1
Multilingual,1
Production,1
Manual,1
Freelancer,1
Bonus,1
Band,1
Crucial,1
Factors,1
Responsive,1
Friendly,1
Gyulazyan,1
Conservative,1
Balanced,1
Mode,1
Backup,1
Compression,1
Scheduling,1
Oh,1
Lossless,1
Tests,1
Level,1
Duration,1
Bulk,1
Optimizers,1
Photographer,1
Backend,1
Serve,1
Static,1
Assets,1
Cache,1
Minimize,1
Thread,1
Remove,1
Automatically,1
Inline,1
Critical,1
Defer,1
Felix,1
Obrien,1
Naman,1
Modi,1
Barakha,1
Rao,1
Aug,1
Photoshop,1
Presently,1
Tinying,1
Optimus,1
Optimizilla,1
Anyways,1
Berner,1
Funniest,1
Road,1
Hottest,1
Secondhand,1
Effortlessly,1
Caviar,1
Rid,1
Prairie,1
Perfumes,1
Bear,1
Liza,1
Zayas,1
Backstory,1
Sable,1
Yong,1
Die,1
Vengeance,1
Shelf,1
Taffy,1
Brodesser,1
Akner,1
Cole,1
Escola,1
Killed,1
Fly,1
Axe,1
Rhaenys,1
Hoyeon,1
Anya,1
Joy,1
Utterly,1
Dua,1
Lipa,1
Kidman,1
Sen,1
Representation,1
Senate,1
Decoding,1
Aquarius,1
Sagittarius,1
Analyzing,1
Virgo,1
Desert,1
Elopement,1
Bronx,1
Zoo,1
Subject,1
Hulu,1
Documentary,1
Jenni,1
Changing,1
Ankle,1
Scientist,1
Cracking,1
Mean,1
Sisters,1
Julianne,1
Goldmark,1
Erika,1
Ayers,1
Badan,1
Leaving,1
Barstool,1
Laney,1
Crowell,1
Saie,1
Tamara,1
Keith,1
Spot,1
Ramla,1
Ali,1
Enters,1
Lavigne,1
Ordinary,1
Rep,1
Peltola,1
Zac,1
Efron,1
Joey,1
Reveal,1
Shares,1
Said,1
Chopra,1
Hailey,1
Justin,1
Bieber,1
Prepare,1
Euphoria,1
Filming,1
Dermaplaning,1
Tributes,1
Paul,1
Deborah,1
Harkness,1
Accidental,1
Novelist,1
Megan,1
Thee,1
Stallion,1
Donahoe,1
Peddie,1
Beat,1
Estimates,1
Lauder,1
Tracey,1
Prenetics,1
Buffs,1
Rolex,1
Patek,1
Uniqlo,1
Owner,1
Lifts,1
Weak,1
Yen,1
Powers,1
Retailing,1
Retailers,1
School,1
Tycoon,1
Poised,1
Mike,1
Marcus,1
Department,1
Preparing,1
Cut,1
Hundreds,1
Telegraph,1
Reports,1
Election,1
Means,1
Bet,1
Pays,1
Oslo,1
Senior,1
Moncler,1
Private,1
Client,1
Tiffany,1
Topic,1
Barneys,1
Plots,1
Bigger,1
Comeback,1
Europe,1
Cucinelli,1
Stock,1
Slide,1
Hints,1
Tough,1
Olympics,1
Ramps,1
Fakes,1
Dilemma,1
Worse,1
Bornstein,1
Raises,1
Million,1
Sustainability,1
Offensive,1
Qualifies,1
Recycled,1
Climate,1
Targets,1
Explained,1
Devil,1
Sequel,1
Logic,1
Manchester,1
Partnership,1
Haul,1
Meds,1
Temporary,1
Tricky,1
Crushing,1
Soul,1
Driving,1
Loafer,1
Markets,1
Rocco,1
Liu,1
Worldview,1
Mall,1
Giant,1
Parque,1
Arauco,1
Independent,1
Tim,1
Blanks,1
Elevation,1
Muslin,1
Purpose,1
Workplace,1
Digest,1
Agenda,1
Journalism,1
Newsletters,1
Opens,1
Cutest,1
Meets,1
Ranch,1
Achieving,1
Ballerina,1
Balletcore,1
Beloved,1
Sponsors,1
Missed,1
Wind,1
Called,1
Makes,1
Fling,1
Upstate,1
Kobe,1
Tack,1
Tane,1
Clip,1
Borsalino,1
Beaver,1
Fedora,1
Editorial,1
Piccadilly,1
Bentley,1
Skinner,1
Roth,1
Balenciaga,1
Pernet,1
Shaded,1
Derren,1
Gilhooley,1
Habitat,1
Simon,1
Dot,1
Navigation,1
Cozy,1
Repeat,1
Belong,1
Rotation,1
Commute,1
Searching,1
Flowy,1
Sandals,1
Passport,1
Shakira,1
Ipanema,1
Celebration,1
Expression,1
Brazilian,1
Bestselling,1
Event,1
Calendar,1
Handbags,1
Settings,1
Diego,1
Rounding,1
Trying,1
Quince,1
Reader,1
Tutorial,1
Knot,1
Bun,1
Feeding,1
Solids,1
Sorry,1
Often,1
Wouldn,1
Robert,1
Pattinson,1
Suspected,1
Killers,1
Violence,1
Against,1
Penalty,1
Shootouts,1
Tolami,1
Benson,1
Misses,1
Thought,1
Cost,1
Athletes,1
Games,1
Katarina,1
Thompson,1
Injury,1
Elusive,1
Medal,1
Archival,1
Dragon,1
Until,1
Studded,1
Artists,1
Aid,1
Benefit,1
Mustafa,1
Ramy,1
Twigs,1
Offside,1
Raffia,1
Coveted,1
Spin,1
Players,1
Breakers,1
Holmes,1
Same,1
Conner,1
Ives,1
Football,1
Pleated,1
Minidress,1
Loving,1
Lazy,1
Flip,1
Flop,1
Foolproof,1
Formulas,1
Priced,1
Became,1
Woman,1
Fell,1
Longchamp,1
Staying,1
Herself,1
Kitchen,1
Ingredient,1
Wales,1
Slams,1
Pushes,1
Characters,1
Reni,1
Eddo,1
Lodge,1
Dissects,1
Jeremy,1
Harris,1
Transfer,1
Slave,1
Akel,1
Privilege,1
Single,1
Forever,1
Attending,1
Anant,1
Ambani,1
Radhika,1
Merchant,1
Standing,1
Ground,1
Burmese,1
Royalty,1
Culpo,1
Festive,1
Florida,1
Aisles,1
Rabbis,1
Receptions,1
Iced,1
Extends,1
Wrists,1
Tiaras,1
Ropes,1
Pearls,1
Emerald,1
Rings,1
Collections,1
Meaning,1
Lovestruck,1
Signet,1
Sporty,1
Britain,1
Obtainable,1
Elder,1
Millennials,1
Hack,1
Quickly,1
Mornings,1
Lose,1
Weight,1
Barron,1
Humid,1
Slides,1
Tropical,1
Sweaty,1
Crotch,1
Lean,1
Miss,1
Reads,1
Shoot,1
Improve,1
Shift,1
Perspective,1
Appear,1
Sexy,1
Charge,1
Warm,1
Prove,1
Worth,1
Trumbull,1
Aaron,1
Levine,1
Brainchild,1
Spent,1
Few,1
Danner,1
Mountain,1
Moc,1
Killshot,1
Gum,1
Rain,1
Snow,1
Crewneck,1
Sweatshirt,1
Interest,1
Aficionados,1
Interested,1
Starters,1
Footer,1
Stores,1
Info,1
Raptive,1
Site,1
Hollywoodbets,1
Durban,1
Unveiled,1
Breathtaking,1
Wrapper,1
Igbo,1
Slay,1
Adekunle,1
Rodo,1
Andrea,1
Iyamah,1
Melting,1
Aww,1
Sundress,1
Scorching,1
Chike,1
Epic,1
Steeze,1
Deji,1
Kola,1
Samurai,1
Trakaftan,1
Sunscreens,1
Rediscovering,1
Marriage,1
Burna,1
Boy,1
Criticizes,1
Amidst,1
Child,1
Custody,1
Drama,1
Wizkid,1
Agrees,1
Odumodublvck,1
Tems,1
Ayra,1
Starr,1
Achieved,1
Than,1
Couples,1
Parade,1
Glimpse,1
Marvelous,1
Sight,1
Second,1
Lights,1
Twister,1
Duchess,1
Sussex,1
Wiig,1
Natalie,1
Portman,1
Lake,1
Deadpool,1
Wolverine,1
Sidewalk,1
Voted,1
Tanning,1
Brunae,1
Waisted,1
Molly,1
Highwaisted,1
Billini,1
Cowboy,1
Knee,1
Recognised,1
Verified,1
Shipping,1
Order,1
Tracking,1
Refunds,1
Airport,1
Waist,1
Chains,1
Mastercard,1
Visa,1
Cowboys,1
Civil,1
Within,1
Betty,1
Friedan,1
Mystique,1
Lai,1
Massacre,1
Malcolm,1
Luther,1
Jr,1
Apollo,1
Neil,1
Shortly,1
Wally,1
Walter,1
Easter,1
Qari,1
Dozen,1
Chapter,1
Jenna,1
Lyons,1
Frank,1
Muytjens,1
Speculation,1
Gap,1
Brendon,1
Babenzien,1
Manipur,1
Tibetic,1
Jaeger,1
Reverso,1
Pendleton,1
Belgian,1
Bookforum,1
Umit,1
Benan,1
Tencel,1
Legend,1
Interview,1
Kinokuniya,1
Ex,1
Alden,1
Andover,1
Aside,1
Eisuke,1
Yamashita,1
Luciano,1
Barbera,1
Juzo,1
Itami,1
Takafumi,1
Mochizuki,1
Arrows,1
Line,1
Dozens,1
Purchase,1
Nicholas,1
Besharam,1
Indian,1
Daniel,1
Emiko,1
Simultaneously,1
Athenian,1
Tibetan,1
Goodyear,1
Celastic,1
Punch,1
Mayhew,1
Among,1
Mans,1
Housed,1
Metropolitan,1
Upon,1
Eden,1
Kennedy,1
Barry,1
Goldwater,1
Chaplin,1
Cary,1
Astaire,1
Gary,1
Berlin,1
Karl,1
Hampstead,1
Cifonelli,1
Gianni,1
Agnelli,1
Cleverley,1
Stefano,1
Bemer,1
Connell,1
Drake,1
Twenty,1
Helmut,1
Lang,1
Levis,1
Loro,1
Piana,1
Nikes,1
Aldens,1
Course,1
Cologne,1
Debate,1
Hyperice,1
Pocket,1
Knife,1
Carry,1
Knives,1
Tactical,1
Hunting,1
Beanies,1
Functionality,1
Functional,1
Waterproofing,1
Vests,1
Tall,1
Scalp,1
Vin,1
Diesel,1
Congratulations,1
Pomades,1
Thick,1
Taming,1
Trimmers,1
Beards,1
Creams,1
Moisturizing,1
Mancera,1
Aromas,1
Manly,1
Scents,1
Winders,1
Timepieces,1
Waterproof,1
Gentlemen,1
Evergreen,1
Discount,1
Haircuts,1
Medium,1
Father,1
Associate,1
Showcases,1
Eyewear,1
Rhythm,1
Minji,1
Leighton,1
Meester,1
Edie,1
Parker,1
Seaside,1
Mavi,1
Dazzles,1
Bikini,1
Likes,1
Subscribers,1
Cy,1
Importance,1
Ingredients,1
Derived,1
Arabic,1
Ball,1
Challengers,1
Afterparty,1
Hunter,1
Giveaways,1
Copyrights,1
Decades,1
Saturday,1
Jul,1
Primary,1
Orleans,1
Mielleverse,1
Posed,1
Mya,1
Cobalt,1
Di,1
Petsa,1
Performed,1
National,1
Anthem,1
Kandee,1
Barrino,1
Debut,1
Beau,1
Spotted,1
Strolling,1
River,1
Jonathan,1
Majors,1
Kamie,1
Crawford,1
Mack,1
Wilds,1
Toast,1
Candis,1
Grace,1
Thursday,1
Receiving,1
Presented,1
Bow,1
Ken,1
Piferi,1
Ferrari,1
Usher,1
Receives,1
Lifetime,1
Achievement,1
Chloe,1
Monot,1
Peacock,1
Theater,1
Downtown,1
Hosts,1
Mostly,1
Theophilio,1
Hosting,1
Channeled,1
Photoshoot,1
Fendi,1
Stella,1
Skim,1
Am,1
Alice,1
Tully,1
Canadian,1
Charo,1
Ruiz,1
Limmey,1
Bandana,1
Vacationing,1
Givenchy,1
Noir,1
Ninomiya,1
Paco,1
Rabanne,1
Becky,1
Burc,1
Akyol,1
Celebrated,1
Juneteenth,1
Adair,1
Damn,1
Renaissance,1
Versace,1
Topics,1
Adele,1
Alicia,1
Keys,1
Amber,1
Amerie,1
Andre,1
Leon,1
Talley,1
Basset,1
Wintour,1
Ashanti,1
Bethann,1
Hardison,1
Billy,1
Brandy,1
Bree,1
Billiter,1
Cannes,1
Cardi,1
Cassie,1
Chicago,1
Louboutin,1
Cares,1
Coats,1
Cocktails,1
Clash,1
Contest,1
Conversations,1
Damson,1
Idris,1
Staley,1
Von,1
Furstenberg,1
Dojacat,1
Ethnic,1
Models,1
Fabulosity,1
Discussion,1
Etiquette,1
Cause,1
Nova,1
Finance,1
Graduation,1
Hats,1
Decor,1
Homecoming,1
Hmm,1
Iggy,1
Azalea,1
Indie,1
Intimates,1
Jayda,1
Cheaves,1
Jordyn,1
Joseline,1
Jourdan,1
Dunn,1
Kanye,1
Karruche,1
Tran,1
Kelis,1
Rowland,1
Khloe,1
Kimora,1
Kris,1
Lala,1
Roach,1
Lil,1
Lori,1
Blind,1
Bombs,1
Blige,1
Miami,1
Motivation,1
Monica,1
Naomi,1
Campbell,1
Ne,1
Yo,1
Nia,1
Nicki,1
Minaj,1
Nigeria,1
Obama,1
Offset,1
Oprah,1
Pharrell,1
Sized,1
Pose,1
Pregnant,1
Puff,1
Daddy,1
Latifah,1
Roy,1
Housewives,1
Robin,1
Givhan,1
Knock,1
Jakes,1
Lust,1
Snapshot,1
Solange,1
Knowles,1
Harlem,1
File,1
Verdict,1
Walker,1
Rivera,1
Tamron,1
Telfar,1
Oscars,1
Blay,1
Faby,1
Fabys,1
Throwback,1
Ten,1
Tyra,1
Virgil,1
Abloh,1
Skimlinks,1
Fair,1
Valforex,1
Confidently,1
Personality,1
Quiz,1
Cathy,1
Evolve,1
Anytime,1
Socials,1
Rss,1
Seemingly,1
Flow,1
Tier,1
Jawline,1
Suits,1
Male,1
Attraction,1
Wavy,1
Linked,1
Chukkas,1
Charles,1
Tyrwhitt,1
Nordy,1
Anniv,1
Thurs,1
Handful,1
Those,1
Hamilton,1
Murph,1
Banana,1
Extended,1
Beachy,1
Layers,1
Chipmunk,1
Chino,1
Suspiciously,1
Warpstreme,1
Chukka,1
Bond,1
Bullitt,1
Sportcoat,1
Tripod,1
Killshots,1
Individual,1
Item,1
Cutting,1
Todd,1
Snyder,1
Spier,1
Stone,1
Brooks,1
Bros,1
Ward,1
Disclosures,1
Affiliates,1
Gilt,1
Entry,1
Dispatch,1
Submit,1
Notice,1
Denying,1
Gracie,1
Abrams,1
Romantics,1
Edita,1
Vilkeviciute,1
Zachrisson,1
Bobby,1
Eliot,1
Tyron,1
Machhausen,1
Manicure,1
Eri,1
Handa,1
Direction,1
Coughlan,1
Skims,1
Elizaveta,1
Porodina,1
Simone,1
Kulesza,1
Pik,1
Moss,1
Nikolai,1
Bismarck,1
Stewart,1
Zoey,1
Grossman,1
Hana,1
Jirickova,1
Alique,1
Burke,1
Threads,1
Mailing,1
Tags,1
Text,1
Contents,1
Veterans,1
Ones,1
Magrath,1
Bernstein,1
Females,1
Awasthi,1
Groeneveld,1
Teenage,1
Eadie,1
Such,1
Rabioux,1
Game,1
Lim,1
Hutchinson,1
Supporting,1
Abortion,1
Worldwide,1
Vloggers,1
Honeymoon,1
Goa,1
Chart,1
Americans,1
Anek,1
Bedi,1
Leadership,1
Upcoming,1
Movies,1
Funds,1
Phishing,1
Proposed,1
Tableau,1
Ministries,1
Shershaah,1
Expectation,1
Dadasaheb,1
Phalke,1
Local,1
Engine,1
Links,1
Virtual,1
Oplossing,1
Barbie,1
Memorial,1
Wondering,1
Zone,1
Yayoi,1
Kusama,1
Harrods,1
Vision,1
Board,1
Valentino,1
Sandro,1
Tory,1
Burch,1
Viktor,1
Rolf,1
Celebrate,1
Condor,1
Going,1
Golf,1
Arrae,1
Point,1
Afghanistan,1
Albania,1
Andorra,1
Anguilla,1
Antigua,1
Barbuda,1
Argentina,1
Armenia,1
Aruba,1
Austria,1
Azerbaijan,1
Bahamas,1
Bahrain,1
Barbados,1
Belarus,1
Belgium,1
Belize,1
Bermuda,1
Bhutan,1
Bolivia,1
Bs,1
Bosnia,1
Herzegovina,1
Brazil,1
Brunei,1
Bulgaria,1
Cambodia,1
Caribbean,1
Cocos,1
Keeling,1
Rica,1
Croatia,1
Cyprus,1
Czechia,1
Denmark,1
Dominica,1
Dominican,1
Ecuador,1
El,1
Salvador,1
Estonia,1
Falkland,1
Faroe,1
Fiji,1
Finland,1
Guiana,1
Polynesia,1
Germany,1
Gibraltar,1
Greece,1
Greenland,1
Grenada,1
Guadeloupe,1
Guatemala,1
Guernsey,1
Guyana,1
Haiti,1
Honduras,1
Hong,1
Kong,1
Hungary,1
Ft,1
Iceland,1
Indonesia,1
Rp,1
Iraq,1
Isle,1
Israel,1
Kazakhstan,1
Kiribati,1
Kosovo,1
Kuwait,1
Kyrgyzstan,1
Laos,1
Latvia,1
Lebanon,1
Liechtenstein,1
Lithuania,1
Luxembourg,1
Macao,1
Malaysia,1
Maldives,1
Malta,1
Martinique,1
Mexico,1
Moldova,1
Mongolia,1
Montenegro,1
Montserrat,1
Myanmar,1
Burma,1
Nauru,1
Nepal,1
Caledonia,1
Nicaragua,1
Niue,1
Macedonia,1
Norway,1
Oman,1
Pakistan,1
Palestinian,1
Territories,1
Panama,1
Papua,1
Guinea,1
Paraguay,1
Peru,1
Philippines,1
Pitcairn,1
Poland,1
Qatar,1
Romania,1
Russia,1
Samoa,1
Marino,1
Saudi,1
Arabia,1
Serbia,1
Singapore,1
Sint,1
Maarten,1
Slovakia,1
Slovenia,1
Solomon,1
Sandwich,1
Sri,1
Lanka,1
Kitts,1
Nevis,1
Lucia,1
Pierre,1
Miquelon,1
Grenadines,1
Suriname,1
Svalbard,1
Mayen,1
Sweden,1
Switzerland,1
Taiwan,1
Tajikistan,1
Thailand,1
Timor,1
Leste,1
Tokelau,1
Tonga,1
Trinidad,1
Tobago,1
Turkmenistan,1
Turks,1
Caicos,1
Tuvalu,1
Outlying,1
Arab,1
Emirates,1
Kingdom,1
Uruguay,1
Uzbekistan,1
Vanuatu,1
Vatican,1
Venezuela,1
Wallis,1
Futuna,1
Yemen,1
Sed,1
Pitchfork,1
Kale,1
Venmo,1
Kimpton,1
Yellow,1
Talbots,1
Marnie,1
Shoppers,1
Slow,1
Yep,1
Goodwin,1
Melbourne,1
Herald,1
Courier,1
DRESSIQUETE,3
WMBW FITNESS,3
WMBW TRAVELS,2
WMBW EATS,1
WMBW DRINKS,1
PRODUCT REVIEWS,1
OUTFIT OF THE DAY,1
